{"cameraMode":{"drawMode":0,"name":"Shaded","section":"Shading Mode"},"sceneLighting":false,"audioPlay":false,"sceneViewState":{"m_AlwaysRefresh":false,"showFog":true,"showSkybox":false,"showFlares":true,"showImageEffects":true,"showParticleSystems":true,"showVisualEffectGraphs":true,"m_FxEnabled":true},"in2DMode":false,"pivot":{"x":2.7546942234039308,"y":3.6942715644836427,"z":-22.57342529296875},"rotation":{"x":-0.022494709119200708,"y":0.02117498219013214,"z":0.0004720728029496968,"w":0.9996147155761719},"size":0.8660256862640381,"orthographic":false}