{"cameraMode":{"drawMode":0,"name":"Shaded","section":"Shading Mode"},"sceneLighting":true,"audioPlay":false,"sceneViewState":{"m_AlwaysRefresh":false,"showFog":true,"showSkybox":true,"showFlares":true,"showImageEffects":true,"showParticleSystems":true,"showVisualEffectGraphs":true,"m_FxEnabled":true},"in2DMode":false,"pivot":{"x":-7.164557456970215,"y":2.9416403770446779,"z":5.907578945159912},"rotation":{"x":0.004663938656449318,"y":0.967136561870575,"z":-0.017697680741548539,"w":0.25404518842697146},"size":0.8660256862640381,"orthographic":false}