{"cameraMode":{"drawMode":0,"name":"Shaded","section":"Shading Mode"},"sceneLighting":true,"audioPlay":false,"sceneViewState":{"m_AlwaysRefresh":false,"showFog":true,"showSkybox":true,"showFlares":true,"showImageEffects":true,"showParticleSystems":true,"showVisualEffectGraphs":true,"m_FxEnabled":true},"in2DMode":false,"pivot":{"x":449.5348205566406,"y":219.22857666015626,"z":22.0989990234375},"rotation":{"x":-0.004806496202945709,"y":0.036588508635759357,"z":-0.00017514680803287774,"w":-0.9993239045143127},"size":287.59942626953127,"orthographic":false}