{"cameraMode":{"drawMode":0,"name":"Shaded","section":"Shading Mode"},"sceneLighting":true,"audioPlay":false,"sceneViewState":{"m_AlwaysRefresh":false,"showFog":true,"showSkybox":true,"showFlares":true,"showImageEffects":true,"showParticleSystems":true,"showVisualEffectGraphs":true,"m_FxEnabled":true},"in2DMode":false,"pivot":{"x":27.154081344604493,"y":-154.67034912109376,"z":724.4197387695313},"rotation":{"x":0.1194218173623085,"y":0.018482165411114694,"z":-0.002189625520259142,"w":0.9928870797157288},"size":402.0218505859375,"orthographic":false}