{"cameraMode":{"drawMode":0,"name":"Shaded","section":"Shading Mode"},"sceneLighting":false,"audioPlay":false,"sceneViewState":{"m_AlwaysRefresh":false,"showFog":true,"showSkybox":false,"showFlares":true,"showImageEffects":true,"showParticleSystems":true,"showVisualEffectGraphs":true,"m_FxEnabled":true},"in2DMode":false,"pivot":{"x":-0.20586204528808595,"y":-0.1443493366241455,"z":-0.009772777557373047},"rotation":{"x":0.0876520574092865,"y":-0.05973336473107338,"z":-0.0050975000485777859,"w":-0.9945163726806641},"size":5.02736759185791,"orthographic":false}